{"stats":{"minecraft:mined":{"minecraft:carrots":2,"minecraft:wheat":3,"minecraft:crafting_table":1,"minecraft:grass_block":1,"minecraft:oak_log":14,"minecraft:mycelium":2,"minecraft:dirt":6,"minecraft:stone":28,"minecraft:oak_leaves":1,"minecraft:rooted_dirt":1},"minecraft:custom":{"minecraft:time_since_rest":61082,"minecraft:sprint_one_cm":82290,"minecraft:damage_taken":180,"minecraft:walk_one_cm":156430,"minecraft:talked_to_villager":5,"minecraft:swim_one_cm":51357,"minecraft:interact_with_crafting_table":1,"minecraft:fly_one_cm":1032029,"minecraft:open_chest":5,"minecraft:crouch_one_cm":2274,"minecraft:play_time":70633,"minecraft:sneak_time":955,"minecraft:walk_under_water_one_cm":17741,"minecraft:boat_one_cm":205235,"minecraft:jump":323,"minecraft:leave_game":2,"minecraft:time_since_death":70633,"minecraft:walk_on_water_one_cm":18255,"minecraft:climb_one_cm":2938,"minecraft:sleep_in_bed":1,"minecraft:total_world_time":70633,"minecraft:fall_one_cm":4675},"minecraft:crafted":{"minecraft:oak_boat":1,"minecraft:oak_planks":40,"minecraft:crafting_table":1,"minecraft:stick":4,"minecraft:wooden_pickaxe":1,"minecraft:wooden_axe":1},"minecraft:picked_up":{"minecraft:crafting_table":1,"minecraft:wheat":3,"minecraft:oak_log":14,"minecraft:carrot":2,"minecraft:dirt":8,"minecraft:wheat_seeds":8,"minecraft:oak_boat":1,"minecraft:rooted_dirt":1,"minecraft:cobblestone":28},"minecraft:used":{"minecraft:oak_log":4,"minecraft:wooden_axe":3,"minecraft:bread":4,"minecraft:wooden_pickaxe":37,"minecraft:dirt":3,"minecraft:crafting_table":1,"minecraft:oak_boat":2,"minecraft:potato":1}},"DataVersion":3465}