{"stats":{"minecraft:picked_up":{"minecraft:stick":2,"minecraft:oak_sapling":3},"minecraft:dropped":{"minecraft:oak_sapling":3},"minecraft:used":{"minecraft:torch":1,"minecraft:grass_block":2},"minecraft:custom":{"minecraft:jump":194,"minecraft:time_since_rest":54405,"minecraft:walk_one_cm":80832,"minecraft:crouch_one_cm":1194,"minecraft:leave_game":2,"minecraft:sprint_one_cm":18485,"minecraft:play_time":146439,"minecraft:time_since_death":54383,"minecraft:walk_on_water_one_cm":255,"minecraft:deaths":1,"minecraft:sneak_time":2637,"minecraft:total_world_time":146439,"minecraft:climb_one_cm":488,"minecraft:walk_under_water_one_cm":2833,"minecraft:talked_to_villager":1,"minecraft:drop":1,"minecraft:fly_one_cm":1606137}},"DataVersion":3465}