{"stats":{"minecraft:picked_up":{"minecraft:stick":2,"minecraft:oak_sapling":3},"minecraft:custom":{"minecraft:time_since_rest":34825,"minecraft:crouch_one_cm":2507,"minecraft:play_time":204621,"minecraft:sprint_one_cm":32161,"minecraft:deaths":4,"minecraft:walk_one_cm":154853,"minecraft:sneak_time":4962,"minecraft:walk_under_water_one_cm":9725,"minecraft:drop":1,"minecraft:jump":263,"minecraft:leave_game":5,"minecraft:walk_on_water_one_cm":2961,"minecraft:time_since_death":34781,"minecraft:climb_one_cm":2856,"minecraft:total_world_time":204621,"minecraft:talked_to_villager":2,"minecraft:fly_one_cm":2764719},"minecraft:dropped":{"minecraft:oak_sapling":3},"minecraft:used":{"soulsweapons:hunter_pistol":1,"minecraft:torch":1,"minecraft:flint_and_steel":1,"minecraft:grass_block":2,"minecraft:obsidian":14}},"DataVersion":3465}