{"stats":{"minecraft:used":{"minecraft:torch":1},"minecraft:picked_up":{"minecraft:stick":2,"minecraft:oak_sapling":3},"minecraft:dropped":{"minecraft:oak_sapling":3},"minecraft:custom":{"minecraft:jump":125,"minecraft:time_since_rest":13730,"minecraft:leave_game":1,"minecraft:deaths":1,"minecraft:crouch_one_cm":1194,"minecraft:sprint_one_cm":15103,"minecraft:play_time":105764,"minecraft:walk_on_water_one_cm":255,"minecraft:time_since_death":13708,"minecraft:walk_one_cm":38013,"minecraft:sneak_time":2637,"minecraft:climb_one_cm":488,"minecraft:total_world_time":105764,"minecraft:walk_under_water_one_cm":2833,"minecraft:drop":1,"minecraft:fly_one_cm":1598786}},"DataVersion":3465}