{
  "minecraft:recipes/decorations/crafting_table": {
    "criteria": {
      "unlock_right_away": "2024-05-25 14:46:45 +0000"
    },
    "done": true
  },
  "cataclysm:root": {
    "criteria": {
      "custom_test_name": "2024-05-25 14:46:45 +0000"
    },
    "done": true
  },
  "incendium:technical/new_player": {
    "criteria": {
      "requirement": "2024-05-25 14:46:45 +0000"
    },
    "done": true
  },
  "dungeons_arise:wda_root": {
    "criteria": {
      "WDA": "2024-05-25 14:46:45 +0000"
    },
    "done": true
  },
  "incendium:technical/scroll_of_returning": {
    "criteria": {
      "log_spam_fixer": "2024-05-25 14:46:46 +0000"
    },
    "done": false
  },
  "incendium:technical/using/ragnarok": {
    "criteria": {
      "log_spam_fixer": "2024-05-25 14:46:46 +0000"
    },
    "done": false
  },
  "incendium:technical/using/trailblazer": {
    "criteria": {
      "log_spam_fixer": "2024-05-25 14:46:46 +0000"
    },
    "done": false
  },
  "minecraft:adventure/adventuring_time": {
    "criteria": {
      "minecraft:cherry_grove": "2024-05-25 15:08:32 +0000",
      "minecraft:birch_forest": "2024-05-25 15:10:28 +0000",
      "minecraft:savanna_plateau": "2024-05-25 14:46:46 +0000",
      "minecraft:dark_forest": "2024-05-25 15:11:44 +0000",
      "minecraft:river": "2024-05-25 14:48:34 +0000",
      "minecraft:forest": "2024-05-25 14:47:19 +0000",
      "minecraft:old_growth_birch_forest": "2024-05-25 15:02:23 +0000",
      "minecraft:meadow": "2024-05-25 15:07:02 +0000",
      "minecraft:savanna": "2024-05-25 14:48:26 +0000",
      "minecraft:plains": "2024-05-25 14:47:26 +0000"
    },
    "done": false
  },
  "incendium:technical/using/shield": {
    "criteria": {
      "log_spam_fixer": "2024-05-25 14:46:46 +0000"
    },
    "done": false
  },
  "biomesoplenty:biomesoplenty/all_biomes": {
    "criteria": {
      "woodland": "2024-05-25 14:58:27 +0000",
      "scrubland": "2024-05-25 14:58:23 +0000",
      "old_growth_woodland": "2024-05-25 14:58:31 +0000",
      "orchard": "2024-05-25 15:06:19 +0000",
      "lavender_forest": "2024-05-25 15:05:58 +0000",
      "mediterranean_forest": "2024-05-25 14:48:33 +0000",
      "redwood_forest": "2024-05-25 15:06:39 +0000",
      "lavender_field": "2024-05-25 15:09:04 +0000"
    },
    "done": false
  },
  "biomesoplenty:biomesoplenty/root": {
    "criteria": {
      "mediterranean_forest": "2024-05-25 14:48:33 +0000"
    },
    "done": true
  },
  "incendium:technical/sentrys_wrath": {
    "criteria": {
      "log_spam_fixer": "2024-05-25 15:16:30 +0000"
    },
    "done": false
  },
  "incendium:technical/inventory/sentrys_wrath": {
    "criteria": {
      "log_spam_fixer": "2024-05-25 15:16:30 +0000"
    },
    "done": false
  },
  "incendium:technical/feed_ghastling": {
    "criteria": {
      "log_spam_fixer": "2024-05-25 15:16:30 +0000"
    },
    "done": false
  },
  "incendium:technical/on_player_hurt": {
    "criteria": {
      "log_spam_fixer": "2024-05-25 15:16:30 +0000"
    },
    "done": false
  },
  "incendium:technical/firestorm": {
    "criteria": {
      "log_spam_fixer": "2024-05-25 15:16:30 +0000"
    },
    "done": false
  },
  "incendium:technical/inventory/firestorm": {
    "criteria": {
      "log_spam_fixer": "2024-05-25 15:16:30 +0000"
    },
    "done": false
  },
  "incendium:technical/give_ghastling": {
    "criteria": {
      "log_spam_fixer": "2024-05-25 15:16:30 +0000"
    },
    "done": false
  },
  "incendium:technical/on_kill": {
    "criteria": {
      "log_spam_fixer": "2024-05-25 15:16:30 +0000"
    },
    "done": false
  },
  "incendium:technical/multiplex_crossbow": {
    "criteria": {
      "log_spam_fixer": "2024-05-25 15:16:30 +0000"
    },
    "done": false
  },
  "incendium:technical/on_inventory_change": {
    "criteria": {
      "log_spam_fixer": "2024-05-25 15:16:30 +0000"
    },
    "done": false
  },
  "incendium:technical/holy_wrath": {
    "criteria": {
      "log_spam_fixer": "2024-05-25 15:16:30 +0000"
    },
    "done": false
  },
  "incendium:technical/on_block": {
    "criteria": {
      "log_spam_fixer": "2024-05-25 15:16:30 +0000"
    },
    "done": false
  },
  "dungeons_arise:find_coliseum": {
    "criteria": {
      "location0": "2024-05-25 15:10:11 +0000"
    },
    "done": true
  },
  "DataVersion": 3465
}